学籍番号・氏名表,,
,,
学籍番号,氏名,よみがな
A0001,安藤流星,あんどうりゅうせい
A0002,伊藤薫,いとうかおる
A0003,井坂瑠々子,いさかるるこ
A0004,梅坂武,うめさかたけし
A0005,江口誠,えぐちまこと
A0006,尾道健吾,おのみちけんご
A0007,賀川輝幸,かがわてるゆき
A0008,工藤照子,くどうてるこ
A0009,近藤真剣,こんどうしんけん
A0010,佐藤次郎,さとうじろう
A0011,佐々木司,ささきつかさ
A0012,渋川麗羅,しぶかわれいら
A0013,白井智,しらいさとし
A0014,田口海渡,たぐちかいど
A0015,常川雄太,つねかわゆうた
A0016,寺田龍之介,てらだりゅうのすけ
A0017,長峰真子,ながみねまこ
A0018,野々村佐夜子,ののむらさやこ
A0019,葉月万太郎,はづきまんたろう
A0020,菱川劉環,ひしかわりゅうかん
A0021,福田寛太,ふくだかんた
A0022,耳塚新之助,みみづかしんのすけ
A0023,武藤太郎,むとうたろう
A0024,桃沢幸恵,ももざわゆきえ
A0025,矢口孝美,やぐちたかみ
A0026,横沢美見,よこざわみみ
A0027,横澤丹野,よこざわたんの
A0028,冷泉為之,れいぜいためゆき
A0029,和田晩,わだばん
A0030,和久田麻衣子,わくだまいこ
